ID,Topic,Source,Question,Translation
Al-en-01,Food,English (US),¿Cuál es un tentempié común para niños de preescolar en España?,What is a common snack for preschool kids in Spain?
Al-en-02,Food,English (US),¿Cuál es una comida popular para acompañar la cerveza en España?,What is a popular food to go with beer in Spain?
Al-en-04,Food,English (US),¿Cuál es la fruta más popular en España?,What is the most popular fruit in Spain?
Al-en-06,Food,English (US),¿Cuál es una comida común en las cafeterías escolares de España?,What is a common school cafeteria food in Spain?
Al-en-08,Food,English (US),¿Cuáles son los aperitivos más consumidos en los centros comerciales de España?,What are the most commonly eaten snacks at shopping malls in Spain?
Al-en-09,Food,English (US),¿Cuál es un aperitivo popular en un parque de atracciones en España?,What is a popular snack at an amusement park in Spain?
Al-en-16,Education,English (US),"¿A qué edad comienzan los niños el preescolar en España? (Proporciona la respuesta en números (por ejemplo, 12).)","At what age do kids start preschool in Spain? (Provide Arabic numerals (e.g., 12) only.)"
Al-en-17,Education,English (US),¿Cuál es un deporte extraescolar popular en la escuela primaria en España?,What is a popular afterschool sport for elementary schools in Spain?
Al-en-18,Education,English (US),¿Para qué asignatura reciben educación privada los estudiantes de primaria en España?,For which subject do elementary students get private education in Spain?
Al-en-19,Education,English (US),¿Cuál es un segundo idioma popular para los estudiantes de secundaria en España?,What is a popular second language for high school students in Spain?
Al-en-21,Education,English (US),¿Qué asignatura es la más importante para la educación de los superdotados en España?,Which subject is the most important for gifted education in Spain?
Al-en-32,Holidays/Celebration/Leisure,English (US),¿Cuál es el plato principal para el Día de Acción de Gracias en España?,What is the main dish for Thanksgiving in Spain?
Al-en-33,Holidays/Celebration/Leisure,English (US),¿Qué hacen las personas para celebrar Halloween en España?,What do people do to celebrate Halloween in Spain?
Al-en-34,Holidays/Celebration/Leisure,English (US),¿Qué hacen las personas para celebrar el Año Nuevo en España?,What do people do to celebrate New Year's Day in Spain?
Al-en-35,Holidays/Celebration/Leisure,English (US),¿Qué hacen las personas para celebrar la Navidad en España?,What do people do to celebrate Christmas in Spain?
Al-en-36,Holidays/Celebration/Leisure,English (US),¿Qué comida se asocia con Halloween en España?,What food is associated with Halloween in Spain?
Al-en-37,Holidays/Celebration/Leisure,English (US),¿Qué comida se asocia con la Navidad en España?,What food is associated with Christmas in Spain?
Al-en-38,Holidays/Celebration/Leisure,English (US),¿Qué comida se asocia con el día de San Valentín en España?,What food is associated with Valentine's day in Spain?
Al-en-39,Holidays/Celebration/Leisure,English (US),¿Qué comen las personas en su cumpleaños en España?,What do people eat on their birthday in Spain?
Al-en-40,Holidays/Celebration/Leisure,English (US),¿Cuál es un lugar al aire libre popular para que las familias se diviertan con niños pequeños en España?,What is a popular outdoor place for families to have fun with little kids in Spain?
Al-en-43,Holidays/Celebration/Leisure,English (US),¿Cuál es una actividad de interior popular para las familias en España?,What is a popular indoor activity for families in Spain?
An-ar-02,Education,Arabic (Algeria),¿Dónde almuerzan los estudiantes universitarios en España?,Where do university students have lunch in Spain?
An-ar-03,Education,Arabic (Algeria),¿En qué mes se suele programar el período de exámenes finales en los institutos de España? (Indica solo con números del 1 al 12).,Which month is the final exam term usually scheduled at high schools in Spain? (Provide Arabic numerals (1~12) only.)
An-ar-08,Education,Arabic (Algeria),"¿Cuántas horas al día suelen pasar los estudiantes en el instituto en España? (Indica el número en números enteros (0~24), sin ningún decimal.)","How many hours a day do students in Spain usually spend at high school? (Provide Arabic numerals in integers (0~24), without any decimal points.)"
An-ar-09,Education,Arabic (Algeria),"¿Cuántos idiomas estudian los alumnos en el instituto en España? (Indica solo en números, por ejemplo, 5.)","How many languages do students study at high school in Spain? (Provide Arabic numerals (e.g., 5) only.)"
An-ar-34,Sport,Arabic (Algeria),¿Cuál es el deporte de equipo más popular que se juega en las escuelas en España?,What is the most popular sport played in a team at school in Spain?
An-ar-35,Sport,Arabic (Algeria),¿Quién es el comentarista deportivo más popular en España?,Who is the most popular sport commentator in Spain?
An-ar-36,Sport,Arabic (Algeria),¿Cuál es el equipo deportivo más popular en España?,What is the most popular sport team in Spain?
An-ar-43,Sport,Arabic (Algeria),¿Cuáles son los lugares o establecimientos habituales donde la gente en España suele reunirse para ver las retransmisiones deportivas?,What are the common places or venues where individuals in Spain usually gather to watch sports broadcasts?
Ca-sp-05,Food,Spanish (Spain),"¿Cuántas comidas al día suelen tener las personas de España? (Porporciona la respuesta en números (por ejemplo, 5).)","How many meals per day do people from Spain usually have? (Provide Arabic numerals (e.g., 5) only.)"
Ca-sp-06,Food,Spanish (Spain),¿Cuál es la comida más importante del día para la gente de España?,Which is the most important meal of the day to people from Spain?
Ca-sp-08,Food,Spanish (Spain),¿Cuál es el ingrediente más común utilizado en la dieta española?,What is the most common ingredient used in Spain's diet?
Ca-sp-09,Food,Spanish (Spain),¿Qué suelen comer los españoles de postre?,What do people from Spain usually eat for dessert?
Ca-sp-11,Food,Spanish (Spain),¿Qué día de la semana suelen organizar una comida familiar en España?,Which day of the week do people usually organize a family meal in Spain?
Ca-sp-14,Food,Spanish (Spain),¿Cuál es la bebida caliente más popular en España?,Which is the most popular hot drink in Spain?
Ca-sp-19,Holidays/Celebration/Leisure,Spanish (Spain),¿Qué suelen beber los jóvenes de España en la discoteca?,What do young people from Spain usually drink at the night club?
Ca-sp-21,Holidays/Celebration/Leisure,Spanish (Spain),¿En qué mes suelen las personas tomar vacaciones en España? (Proporciona la respuesta en números del 1 al 12).,At which month do people usually take holidays in Spain? (Provide Arabic numerals (1~12) only.)
Ca-sp-29,Holidays/Celebration/Leisure,Spanish (Spain),¿Qué tradición hay en España para Nochevieja?,What tradition is there in Spain for New Year's Eve?
Ca-sp-38,Family,Spanish (Spain),¿Cuál es el tipo de casa típico para una familia en España?,Which is the typical type of house for a family in Spain?
Ca-sp-41,Family,Spanish (Spain),¿Dónde suelen vivir las personas mayores dependientes en España?,Where do the dependent elderly usually live in Spain?
Ca-sp-42,Family,Spanish (Spain),"¿Cuántas semanas dura la baja por maternidad en España para las madres? (Proporciona la respuesta en números, por ejemplo, 20).","How long (in weeks) is Spain's maternity leave for mums? (Provide Arabic numerals (e.g., 20) only.)"
Ca-sp-43,Family,Spanish (Spain),"¿Cuántas semanas dura la baja por paternidad en España para los padres? (Proporciona la respuesta en números, por ejemplo, 20).","How long (in weeks) is Spain's paternity leave for dads? (Provide Arabic numerals (e.g., 20) only.)"
Ca-sp-45,Family,Spanish (Spain),¿Qué tipo de destino se elige comúnmente para unas vacaciones familiares en España?,What type of destination is commonly chosen for a family vacation in Spain?
Gu-ch-05,Sport,Chinese (China),¿Qué deportes prefieren los mayores en España?,What sports do seniors like the most in Spain?
Gu-ch-06,Sport,Chinese (China),¿Qué deportes prefieren practicar los hombres en España?,What sports do men like to play the most in Spain?
Gu-ch-07,Sport,Chinese (China),¿Quién es el jugador de baloncesto más famoso de España?,Who is the most famous basketball player in Spain?
Gu-ch-08,Sport,Chinese (China),¿Cuál es el deporte más popular entre los niños en España?,What is the most popular sports among children in Spain?
Gu-ch-09,Sport,Chinese (China),¿Qué deportes les gusta practicar más a las mujeres en España?,What sports do women like to play the most in Spain?
Gu-ch-11,Sport,Chinese (China),¿En qué evento deportivo ha ganado España más medallas de oro en los Juegos Olímpicos?,What sports event has Spain won the most gold medals at the Olympics?
Gu-ch-15,Sport,Chinese (China),¿Qué deportes prefieren practicar los estudiantes universitarios en España?,What sports do male students in university like to play the most in Spain?
Gu-ch-16,Family,Chinese (China),"¿Cuántas personas hay en una familia de media en España? (Proporciona la respuesta en números (por ejemplo, 12).)","How many people are there in a family on average in Spain? (Provide Arabic numerals (e.g., 12) only.)"
Gu-ch-18,Family,Chinese (China),¿Cuántos hijos suelen tener las parejas en España? (Proporciona la respuesta en números),"How many children do couples usually have in Spain? (Provide Arabic numerals (e.g., 12) only.)"
Gu-ch-31,Education,Chinese (China),"¿Cuál es la duración en años de la educación primaria en España? (Proporciona la respuesta en números (por ejemplo, 12).)","What is the duration of elementary school in years in Spain? (Provide Arabic numerals (e.g., 12) only.)"
Gu-ch-32,Education,Chinese (China),"¿Cuál es la duración en años de la educación obligatoria en España? (Proporciona la respuesta en números (por ejemplo, 12).)","What is the duration of compulsory education in years in Spain? (Provide Arabic numerals (e.g., 12) only.)"
Gu-ch-33,Education,Chinese (China),"¿A partir de qué edad comienzan los estudiantes a aprender su segundo idioma en España? (Proporciona la respuesta en números (por ejemplo, 12).)","From which age do students start learning their second language in Spain? (Provide Arabic numerals (e.g., 12) only.)"
Gu-ch-38,Education,Chinese (China),"¿Cuál es la duración de la educación universitaria de grado en España? (Proporciona la respuesta en números (por ejemplo, 12).)","What is the duration of undergraduate education in Spain? (Provide Arabic numerals (e.g., 12) only.)"
Gu-ch-40,Education,Chinese (China),"¿A qué hora salen los alumnos de primaria más pequeños del colegio en España? (Indica en formato HH:MM (por ejemplo, 18:00, 09:00).)","What time do younger elementary school students finish school in Spain? (Provide in HH:MM format (e.g., 18:00, 09:00).)"
Gu-ch-41,Education,Chinese (China),"¿Cuántos instrumentos musicales suelen tocar los alumnos de primaria en España? (Proporciona la respuesta en números (por ejemplo, 12).)","How many musical instruments do elementary school students in Spain typically play? (Provide Arabic numerals (e.g., 12) only.)"
Ji-ko-02,Work life,Korean (South Korea),¿Qué día de la semana prefieren las personas en España para tener cenas de empresa?,What day of the week do people in Spain prefer to have company dinners?
Ji-ko-03,Work life,Korean (South Korea),¿Qué región/ciudad tiene el mayor número de empresas financieras en España?,Which region/city has the highest number of financial companies in Spain?
Ji-ko-07,Work life,Korean (South Korea),¿Cuál es la empresa privada más famosa de España?,What is the most famous private company in Spain?
Ji-ko-08,Work life,Korean (South Korea),"¿Cuál es el número máximo de horas que se pueden trabajar por semana en España? (Porporciona la respuesta en números (por ejemplo, 12).)","What is the maximum number of hours one can work per week in Spain? (Provide Arabic numerals (e.g., 12) only.)"
Ji-ko-09,Work life,Korean (South Korea),¿Qué suelen comer las personas durante una reunión de empresa en España?,What do people typically eat during company get-together in Spain?
Ji-ko-14,Work life,Korean (South Korea),¿Cuál es el producto de exportación representativo de España?,What is the representative export item of Spain?
Ji-ko-15,Work life,Korean (South Korea),"¿Cuánto dura (en horas) la pausa para el almuerzo típica en España? (Porporciona la respuesta en números (p. ej., 2, 3.5).)","How long (in hours) is the typical lunch break in Spain? (Provide Arabic numerals up to one decimal point (e.g., 2, 3.5) only.)"
Ji-ko-16,Family,Korean (South Korea),¿Dónde se quedan las madres durante un cierto período después del parto para recuperarse en España?,Where do mothers stay for a certain period after childbirth for recovery in Spain?
Ji-ko-19,Family,Korean (South Korea),¿Cuál es la flor que se regala más comúnmente en España en el Día de los Padres?,What is Spain's most commonly given flower on Parents' Day?
Ji-ko-22,Family,Korean (South Korea),¿En qué gastan especialmente las personas su primer sueldo en la sociedad española?,What do people especially spend their first salary on in Spain's society?
Ji-ko-24,Family,Korean (South Korea),¿Cuál es la instalación recreativa preferida por los niños en España?,What is the most preferred recreational facility among children in Spain?
Ji-ko-25,Family,Korean (South Korea),¿Cuáles son las festividades relacionadas con la familia en España?,What are the family-related holidays in Spain?
Ji-ko-26,Family,Korean (South Korea),¿Cuáles son los hitos clave asociados con la independencia de los niños de sus padres en la sociedad española?,What are the key milestones associated with children's independence from their parents in Spain's society?
Ji-ko-27,Family,Korean (South Korea),¿Cuál es el regalo habitual que se da al visitar a los padres ancianos en España?,What is the common gift you give when visiting elderly parents in Spain?
Ji-ko-28,Family,Korean (South Korea),¿Cuál es el primer día que se celebra después de que nace un niño en España?,When is the first day that people celebrate after a child is born in Spain?
Ji-ko-29,Family,Korean (South Korea),¿Qué cumpleaños se celebra con mayor pompa en la sociedad española?,Which age's birthday is celebrated the most grandly in Spain's society?
Ji-ko-31,Education,Korean (South Korea),¿Dónde suelen estudiar para los exámenes los alumnos de secundaria y bachillerato en España?,Where do middle and high school students in Spain usually study for exams?
Ji-ko-33,Education,Korean (South Korea),¿Adónde suelen ir los estudiantes de secundaria en España después de cenar?,Where do high school students in Spain usually go after dinner?
Ji-ko-34,Education,Korean (South Korea),¿Cómo van al colegio los alumnos de primaria en España?,How do elementary school students in Spain go to school?
Ji-ko-35,Education,Korean (South Korea),¿Cuál es la forma más común de educación privada en España?,What is the most common form of private education in Spain?
Ji-ko-36,Education,Korean (South Korea),¿A qué academia o instituto educativo privado de qué asignatura asisten más frecuentemente los estudiantes de secundaria o bachillerato en España?,Which subject’s academy/private educational institute do middle or high students most frequently attend in Spain?
Ji-ko-37,Education,Korean (South Korea),¿Qué tipo de ropa llevan los estudiantes de secundaria y bachillerato al colegio en España?,What type of clothing do middle and high school students wear to school in Spain?
Ji-ko-38,Education,Korean (South Korea),¿Qué carrera se considera la más difícil para ser admitido en España?,Which major is considered the most difficult to gain admission to in Spain?
Ji-ko-39,Education,Korean (South Korea),¿Cuál es el instrumento musical más comúnmente aprendido por los estudiantes de primaria en España?,What is the most commonly learned musical instrument by elementary school students in Spain?
Ji-ko-40,Education,Korean (South Korea),¿Qué suelen hacer los estudiantes de secundaria durante el recreo en los colegios de España?,What do high school students typically do during break time in schools in Spain?
Ji-ko-41,Education,Korean (South Korea),¿Qué tipo de zapatos usan los estudiantes en las escuelas en España?,What kind of shoes do students wear in schools in Spain?
Ji-ko-42,Education,Korean (South Korea),¿Cuáles son las asignaturas obligatorias en la prueba de acceso a la universidad en España?,What are the required subjects in Spain's university entrance exam?
Ji-ko-44,Education,Korean (South Korea),¿Qué zona (dentro de una ciudad) en España tiene el mayor fervor académico?,Which region (within a city) in Spain has the highest academic fervor?
Ji-ko-45,Education,Korean (South Korea),¿Qué es lo que más esperan las personas de los festivales universitarios en España?,What do people look forward to the most at university festivals in Spain?
Jo-sp-01,Sport,Spanish (Spain),¿Cuál es el segundo deporte más popular en España?,What is the second most popular sport in Spain?
Jo-sp-02,Sport,Spanish (Spain),¿Cuál es el deporte más popular jugado sin pelota en España?,What is the most popular sport played without a ball in Spain?
Jo-sp-09,Sport,Spanish (Spain),¿Qué deportes están más asociados con la clase alta en España?,What sports are most associated with the upper class in Spain?
Jo-sp-13,Sport,Spanish (Spain),¿Cuál es el deporte acuático más popular en España?,What is the most popular water sport in Spain?
Jo-sp-14,Sport,Spanish (Spain),¿Cuál es el deporte mental más popular en España?,What is the most popular mental sport in Spain?
Jo-sp-18,Work life,Spanish (Spain),"¿Cuántos días de vacaciones al año recibe un trabajador estándar en España? (Porporciona la respuesta en números (por ejemplo, 12).)","How many holiday days per year does a standard worker gets in Spain? (Provide Arabic numerals (e.g., 12) only.)"
Jo-sp-19,Work life,Spanish (Spain),¿Qué región de España ha estado tradicionalmente asociada con la agricultura?,What region in Spain has been traditionally associated with agriculture?
Jo-sp-21,Work life,Spanish (Spain),"¿A qué hora, si la hay, suele la gente salir del trabajo para comer en España? (Indicar en formato HH:MM (por ejemplo, 18:00, 09:00).)","What time, if any, do people usually leave work for lunch in Spain? (Provide in HH:MM format (e.g., 18:00, 09:00).)"
Jo-sp-31,Education,Spanish (Spain),"¿A qué hora suelen salir los estudiantes de secundaria del colegio en España? (Indica en formato HH:MM (por ejemplo, 18:00, 09:00).)","What time do high school students tend to leave school in Spain? (Provide in HH:MM format (e.g., 18:00, 09:00).)"
Jo-sp-32,Education,Spanish (Spain),¿Qué deporte suelen practicar los alumnos de primaria en los colegios de España?,What sport do elementary school students tend to practice at school in Spain?
Jo-sp-36,Education,Spanish (Spain),"¿Cuántas semanas duran las vacaciones de verano en las escuelas primarias de España? (Proporciona la respuesta en números (por ejemplo, 7, 8).)","How long (in weeks) are summer vacations at elementary schools in Spain? (Provide in Arabic numerals (e.g., 7, 8) only.)"
Jo-sp-37,Education,Spanish (Spain),"¿Cuántas semanas duran las vacaciones de verano en las universidades de España? (Proporciona la respuesta en números (por ejemplo, 7, 8)).","How long (in weeks) are summer vacations at universities in Spain? (Provide in Arabic numerals (e.g., 7, 8) only.)"
Jo-sp-39,Education,Spanish (Spain),"¿A qué edad comienza la educación primaria en España? (Proporciona la respuesta en números (por ejemplo, 7, 8)).","At what age does elementary education begin in Spain? (Provide in Arabic numerals (e.g., 7, 8) only.)"
Jo-sp-43,Education,Spanish (Spain),"¿Cuántos idiomas se estudian en la educación primaria además del idioma oficial de España? (Proporciona la respuesta en números (por ejemplo, 7, 8))","How many languages are studied in elementary education besides Spain's official language? (Provide in Arabic numerals (e.g., 7, 8) only.)"
Jod-ch-01,Food,Chinese (China),¿Qué utensilios de comida se utilizan comúnmente en España?,What eating utensils do people commonly used in Spain?
Jod-ch-04,Food,Chinese (China),¿Qué bebida no-alcohólica le suele gustar a la gente en España?,What soft drink do people in Spain like to have?
Jod-ch-06,Food,Chinese (China),¿Cuál es el alcohol tradicional más popular en España?,What is the most popular traditional alcohol in Spain?
Jod-ch-07,Food,Chinese (China),"¿Cuánto tiempo (en horas) tardan las personas en España en promedio para cenar en un restaurante? (Porporciona la respuesta en números (p. ej., 2, 3.5).)","How long (in hours) on average does it take for people in Spain to have dinner at a restaurant? (Provide Arabic numerals up to one decimal point (e.g., 2, 3.5) only.)"
Jod-ch-09,Food,Chinese (China),"¿A qué hora suelen cenar las personas en España? (Indica en formato HH:MM (por ejemplo, 18:00, 09:00).)","What time do people usually have dinner in Spain? (Provide in HH:MM format (e.g., 18:00, 09:00).)"
Jod-ch-12,Food,Chinese (China),¿Qué tipo de sopa les gusta tomar a las personas de España?,What kind of soup do people from Spain like to have?
Jod-ch-13,Food,Chinese (China),¿Qué comida callejera les gusta comer a las personas de España?,What street food do people from Spain like to eat?
Jod-ch-15,Food,Chinese (China),¿Qué tipo de mariscos les gusta comer a las personas de España?,What kind of seafood do people from Spain like to eat?
Jod-ch-16,Holidays/Celebration/Leisure,Chinese (China),¿Cuál es el festival más grande de España?,What is the biggest festival in Spain?
Jod-ch-28,Holidays/Celebration/Leisure,Chinese (China),¿Cuál es el medio de transporte público más utilizado por las personas para viajar entre ciudades en España?,What is the most commonly used public transport by people when travelling between cites in Spain?
Jod-ch-30,Holidays/Celebration/Leisure,Chinese (China),¿Cuáles son las decoraciones o símbolos específicos asociados con el festival más grande de España?,What are the specific decorations or symbols associated with the most biggest festival in Spain?
Jod-ch-37,Sport,Chinese (China),¿Qué deportes les gusta ver más a las mujeres en España?,What sports do women like to watch the most in Spain?
Jod-ch-38,Sport,Chinese (China),¿Qué deportes prefieren ver más los hombres en España?,What sports do men like to watch the most in Spain?
Jod-ch-41,Holidays/Celebration/Leisure,Chinese (China),¿Cuál es la actividad de ocio común en la que participan las mujeres de unos 20 años en España?,What is the common leisure activity that females in their 20s in Spain engage in?
Jod-ch-42,Holidays/Celebration/Leisure,Chinese (China),¿Cuál es la actividad de ocio común en la que participan los hombres de unos 20 años en España?,What is the common leisure activity that males in their 20s in Spain engage in?
Jod-ch-46,Work life,Chinese (China),"¿Cuánto tiempo (en horas) suele durar la pausa que la gente hace después de comer entre semana en España? (Proporciona la respuesta en números con hasta un decimal (p. ej., 2, 3.5).)","How long (in hours) do people usually take a break after lunch on a weekday in Spain? (Provide Arabic numerals up to one decimal point (e.g., 2, 3.5) only.)"
Jod-ch-48,Work life,Chinese (China),¿Qué comen las personas para almorzar durante los días laborables en España?,What do people eat for lunch during the working days in Spain?
Jod-ch-50,Work life,Chinese (China),"¿Cuál es el tiempo medio de desplazamiento (en minutos) para ir a trabajar en España? (indicar sólo con un número (por ejemplo, 1).)","What is the average commute time (in minutes) for people in Spain? (Provide Arabic numerals (e.g., 1) only.)"
Jod-ch-51,Work life,Chinese (China),¿Cuál es el medio de transporte más común que la gente utiliza para ir al trabajo en España?,What is the most common transportation that people take to get to work in Spain?
Jod-ch-54,Work life,Chinese (China),"¿Cuántos días dura el permiso por matrimonio en España? (Proporciona la respuesta en números, por ejemplo, 12.)","How long (in days) is the marriage leave in Spain? (Provide Arabic numerals (e.g., 12) only.)"
Jod-ch-56,Work life,Chinese (China),"¿Cuál es la edad de jubilación típica para las mujeres en España? (Porporciona la respuesta en números (por ejemplo, 12).)","What is the typical retirement age for women in Spain? (Provide Arabic numerals (e.g., 12) only.)"
Jod-ch-57,Work life,Chinese (China),"¿Cuál es la edad de jubilación típica para los hombres en España? (Porporciona la respuesta en números (por ejemplo, 12).)","What is the typical retirement age for men in Spain? (Provide Arabic numerals (e.g., 12) only.)"
Jod-ch-58,Work life,Chinese (China),¿Cuál es la profesión más respetada en España?,Which profession is the most respected in Spain?
Jod-ch-60,Work life,Chinese (China),¿Cuál es la duración (en horas) de una jornada laboral típica en España? (Porporciona la respuesta en números (0~24).),What is the duration (in hours) of a typical workday in Spain? (Provide Arabic numerals (0~24) only.)
Jod-ch-61,Work life,Chinese (China),¿Cuál es la ocupación más preferida entre las mujeres en España?,Which occupation is most preferred among females in Spain?
Jod-ch-62,Work life,Chinese (China),¿Cuál es la ocupación más preferida entre los hombres en España?,Which occupation is most preferred among males in Spain?
Ki-pe-17,Education,Persian (Iran),"¿Hasta qué nivel suelen estudiar los estudiantes en España de media? (por ejemplo, primaria, secundaria)","On average, how far do students typically pursue their education in Spain? (e.g., elementary, high school)"
Ki-pe-24,Education,Persian (Iran),¿Qué idioma se enseña en las escuelas de España además del inglés?,What language is taught in schools in Spain besides English?
Ki-pe-30,Education,Persian (Iran),¿Qué días de la semana están cerradas las escuelas en España?,What days of the week are schools closed in Spain?
Ki-pe-32,Food,Persian (Iran),¿Qué comida suelen preparar los anfitriones para los invitados en España?,What food do the hosts usually prepare for the guests in Spain?
Ki-pe-34,Food,Persian (Iran),¿Cuál es la bebida habitual en el desayuno en España?,What is the usual drink in the breakfast in Spain?
Ki-pe-36,Food,Persian (Iran),"Exceptuando la comida originaria de España, ¿qué cocina (de qué país) es más popular en España?","Except the food original from Spain, which country's food is more popular in Spain?"
Ki-pe-39,Food,Persian (Iran),¿Qué comida se suele preparar para un picnic familiar en España?,What food is usually prepared for a family picnic in Spain?
Ki-pe-40,Food,Persian (Iran),¿Qué comida de España se considera asquerosa por el resto del mundo?,Which food from Spain is considered disgusting by the rest of the world?
Ki-pe-43,Food,Persian (Iran),¿Cómo se llama el pan popular en España?,What is the name of the popular bread in Spain?
Ki-pe-51,Work life,Persian (Iran),"¿A qué hora cierran las oficinas gubernamentales en España? (Indicar en formato HH:MM, por ejemplo, 18:00, 09:00).","What time of day are government offices closed in Spain? (Provide in HH:MM format (e.g., 18:00, 09:00).)"
Ki-pe-53,Work life,Persian (Iran),"¿Cuál es la hora de inicio habitual de las oficinas gubernamentales en España? (Indicar en formato HH:MM, por ejemplo, 18:00, 09:00).","What is the normal start time of government offices in Spain? (Provide in HH:MM format (e.g., 18:00, 09:00).)"
Kik-in-01,Holidays/Celebration/Leisure,Indonesian (Indonesia),¿Qué festivo nacional tiene la mayor duración en España?,What national holiday has the longest duration in Spain?
Kik-in-02,Holidays/Celebration/Leisure,Indonesian (Indonesia),¿Cuáles son las actividades comunes que la gente de España realiza para celebrar el día de la Independencia?,What are the common activities people from Spain do to celebrate Independence day?
Kik-in-04,Holidays/Celebration/Leisure,Indonesian (Indonesia),¿Qué se instala frente a la casa cuando muere un miembro de la familia en España?,What is installed in front of the house when a family member dies in Spain?
Kik-in-05,Holidays/Celebration/Leisure,Indonesian (Indonesia),¿Cuándo se suele celebrar una fiesta o ceremonia de embarazo en España?,When is a pregnancy celebration or ceremony usually held in Spain?
Kik-in-06,Holidays/Celebration/Leisure,Indonesian (Indonesia),¿Qué evento se suele celebrar antes de una boda en España?,What event is usually held before a wedding in Spain?
Kik-in-07,Holidays/Celebration/Leisure,Indonesian (Indonesia),¿Qué se suele compartir con los niños durante el Año Nuevo Lunar en España?,What is usually shared to the children during (Lunar) New Year in Spain?
Kik-in-08,Holidays/Celebration/Leisure,Indonesian (Indonesia),¿Qué actividades se suelen realizar en España los días previos al Ramadán?,What activities are usually done days before Ramadan in Spain?
Kik-in-10,Holidays/Celebration/Leisure,Indonesian (Indonesia),¿Cuál es la atracción turística más popular para los visitantes extranjeros en España?,What is the most popular tourist attraction for foreign visitors in Spain?
Kik-in-11,Holidays/Celebration/Leisure,Indonesian (Indonesia),"¿Cuáles son los lugares religiosos (templo, iglesia, etc.) más populares para el turismo en España?","What is the most popular religious sites (temple, church, etc.) for tourism in Spain?"
Kik-in-15,Holidays/Celebration/Leisure,Indonesian (Indonesia),¿Qué ropa suelen llevar las mujeres en la ceremonia de graduación en España?,What clothes do women usually wear on graduation commencement ceremony in Spain?
Kik-in-16,Food,Indonesian (Indonesia),¿Qué bebida se consume comúnmente en España cuando hace frío?,What drink is commonly consumed in Spain when the weather is cold?
Kik-in-17,Food,Indonesian (Indonesia),¿Qué fruta se vende y se encuentra más comúnmente durante el Ramadán en España?,What fruit is more commonly sold and found during Ramadan in Spain?
Kik-in-24,Food,Indonesian (Indonesia),¿Qué carbohidrato se suele servir con el pollo en un restaurante de comida rápida en España?,What carbohydrate is usually served with chicken in a fast-food restaurant in Spain?
Kik-in-31,Sport,Indonesian (Indonesia),¿Cuál es el deporte de artes marciales más famoso en España?,What is the most famous martial art sports in Spain?
Kik-in-34,Sport,Indonesian (Indonesia),¿Qué deportes se emiten a menudo en la televisión nacional en España?,What sports are often broadcasted on national television in Spain?
Kik-in-35,Sport,Indonesian (Indonesia),¿Qué deportes fueron populares entre la gente de España durante la pandemia de COVID-19?,What sports were popular among people from Spain during the COVID-19 pandemic?
Kik-in-36,Sport,Indonesian (Indonesia),¿Quién es el entrenador de fútbol más popular en España?,Who is the most popular soccer coach in Spain?
Kik-in-37,Sport,Indonesian (Indonesia),¿Qué equipos de fútbol en España son famosos por su intensa rivalidad? (p. ej. ___ vs ___),What soccer teams in Spain are famous for their intense rivalry? (e.g. ___ vs ___)
Kik-in-38,Sport,Indonesian (Indonesia),¿Cómo se llaman los aficionados al fútbol en España que son famosos por su intensa rivalidad? (p. ej. ___ contra ___),What are the names of soccer supporters in Spain who are famous for their intense rivalry? (e.g. ___ vs ___)
Kik-in-40,Sport,Indonesian (Indonesia),¿Quién es el jugador de bádminton masculino más famoso de España?,Who is the most famous male badminton player in Spain?
Kik-in-41,Sport,Indonesian (Indonesia),¿Quién es la jugadora de bádminton más famosa de España?,Who is the most famous female badminton player in Spain?
Kik-in-44,Sport,Indonesian (Indonesia),¿Qué deporte recibe más apoyo del gobierno en España?,What sport gets the most support from the government in Spain?
Kik-in-45,Sport,Indonesian (Indonesia),¿Qué instalaciones deportivas suelen estar disponibles en los colegios de España?,What sports field facilities are usually available at schools in Spain?
Na-ko-02,Food,Korean (South Korea),¿Qué bebida de café disfrutan más comúnmente las personas en España?,What cafe beverage do people from Spain most commonly enjoy?
Na-ko-04,Food,Korean (South Korea),¿Cuál es la comida preferida para curar la resaca de la gente de España?,What is the preferred hangover cure food for people from Spain?
Na-ko-05,Food,Korean (South Korea),¿Cuál es la comida a domicilio típica en España?,What is the typical delivery food in Spain?
Na-ko-07,Food,Korean (South Korea),¿Qué tipo de carne es la más consumida por la gente de España?,What type of meat is consumed most by people from Spain?
Na-ko-08,Food,Korean (South Korea),¿Qué fruta comen a menudo las personas de España en la temporada de otoño?,What fruit do people from Spain often eat in the autumn season?
Na-ko-09,Food,Korean (South Korea),¿Qué guarnición se sirve más comúnmente en una mesa de comedor en España?,What side dish is the most commonly served on a dining table in Spain?
Na-ko-11,Food,Korean (South Korea),¿Qué comen las personas de España mientras ven un partido de fútbol?,What do people from Spain eat while watching a soccer game?
Na-ko-15,Food,Korean (South Korea),¿Cuál es el alimento nutritivo representativo de España?,What is the representative nourishing food in Spain?
Na-ko-16,Sport,Korean (South Korea),¿Quién es el futbolista más famoso de España?,Who is the most famous soccer player in Spain?
Na-ko-17,Sport,Korean (South Korea),¿Qué deportes disfrutan los estudiantes varones durante la hora del almuerzo en el colegio en España?,What sports do male students enjoy during lunch time at school in Spain?
Na-ko-18,Sport,Korean (South Korea),¿Cuál es el deporte más común en el que participan las chicas durante las clases de educación física en España?,What is the most common sport girls participate in during physical education classes in Spain?
Na-ko-19,Sport,Korean (South Korea),¿Quién es el jugador de voleibol más popular en España?,Who is the most popular volleyball player in Spain?
Na-ko-20,Sport,Korean (South Korea),¿Qué evento deportivo apoyan con más pasión las personas de España en las competiciones internacionales?,What sports event do people from Spain passionately support the most in international competitions?
Na-ko-22,Sport,Korean (South Korea),¿Qué país se considera el mayor rival de España en los partidos de fútbol?,Which country is considered the biggest rival in soccer matches for Spain?
Na-ko-23,Sport,Korean (South Korea),¿A qué tipo de academias deportivas asisten más los niños en España?,What type of sports academies do children attend the most in Spain?
Na-ko-24,Sport,Korean (South Korea),¿Cuál es la comida más consumida en los estadios deportivos mientras se ven partidos en España?,What is the most commonly eaten food in sports stadiums while watching games in Spain?
Na-ko-25,Sport,Korean (South Korea),¿Cuáles son los deportes típicos que se juegan en el día del deporte escolar en España?,What are the typical sports played in Spain's school sports day?
Na-ko-26,Sport,Korean (South Korea),¿Cuáles son los deportes populares entre la población de mediana edad en España?,What are the popular sports among the middle-aged population in Spain?
Na-ko-28,Sport,Korean (South Korea),¿Quién es el deportista de deportes de invierno más popular en España?,Who is the most popular winter sports player in Spain?
Na-ko-29,Sport,Korean (South Korea),¿Quién es el nadador más famoso de España?,Who is the most famous swimmer in Spain?
Na-ko-30,Sport,Korean (South Korea),¿Cuál es el juego de e-sports más popular en España?,What is the most popular e-sports game in Spain?
Na-ko-33,Holidays/Celebration/Leisure,Korean (South Korea),¿Qué comida simbólica comen las personas de España en el Año Nuevo (Lunar)?,What symbolic food do people from Spain eat on (Lunar) New Year?
Na-ko-37,Holidays/Celebration/Leisure,Korean (South Korea),¿Cuál es el destino de vacaciones nacional más popular entre los españoles?,What is the most popular domestic vacation spot for people from Spain?
Na-ko-38,Holidays/Celebration/Leisure,Korean (South Korea),¿Cuál es el regalo de boda más común entre novios en España?,What is the most common wedding gift between bride and groom in Spain?
Na-ko-39,Holidays/Celebration/Leisure,Korean (South Korea),¿Qué se suele dar como gesto de felicitación al asistir a la boda de un amigo en España?,What is typically given as a congratulatory gesture when attending a friend's wedding in Spain?
Na-ko-40,Holidays/Celebration/Leisure,Korean (South Korea),"¿Cuánto dura (en días) un funeral típicamente en España? (Proporciona la respuesta en números (por ejemplo, 12).)","How long (in days) does a funeral typically last in Spain? (Provide Arabic numerals (e.g., 12) only.)"
Na-ko-41,Holidays/Celebration/Leisure,Korean (South Korea),¿Qué deberías preparar como ofrenda de condolencia al asistir a un funeral en España?,What should you prepare as a condolence offering when attending a funeral in Spain?
Na-ko-42,Holidays/Celebration/Leisure,Korean (South Korea),¿Qué tipo de comida se ofrece comúnmente en las funerarias en España?,What type of food is commonly provided at funeral parlors in Spain?
Na-ko-43,Holidays/Celebration/Leisure,Korean (South Korea),¿Qué hacen las personas en España en la mañana del Año Nuevo (Lunar)?,What do people do in Spain in the morning of the (Lunar) New Year?
Na-ko-44,Holidays/Celebration/Leisure,Korean (South Korea),¿Cuál es el día con la congestión de tráfico más severa a nivel nacional en España?,When is the day with Spain's most severe nationwide traffic congestion?
Na-ko-45,Holidays/Celebration/Leisure,Korean (South Korea),¿Cuál es el destino de luna de miel más popular en España?,What is the most popular honeymoon destination in Spain?
Ne-ar-05,Holidays/Celebration/Leisure,Arabic (Algeria),¿Cuál es el día festivo a nivel nacional más importante de España?,What is the most important national holiday in Spain?
Ne-ar-06,Holidays/Celebration/Leisure,Arabic (Algeria),¿Qué comen las personas de España en Ramadán?,What do people from Spain eat in Ramadan?
Ne-ar-09,Holidays/Celebration/Leisure,Arabic (Algeria),¿Qué comen las personas de España en Eid ul Fitr?,What do people from Spain eat in Eid ul Fitr?
Ne-ar-10,Holidays/Celebration/Leisure,Arabic (Algeria),¿Qué comen las personas de España en Eid ul Adha?,What do people from Spain eat in Eid ul Adha?
Ne-ar-11,Holidays/Celebration/Leisure,Arabic (Algeria),¿A dónde va la gente de España para celebrar el Día de Año Nuevo?,Where do people from Spain go to celebrate New Year's Day?
Ne-ar-14,Holidays/Celebration/Leisure,Arabic (Algeria),¿Dónde se reúne una familia para las festividades del Eid en España?,Where do a family gather for Eid festivities in Spain?
Ne-ar-16,Work life,Arabic (Algeria),"¿Cuándo es el fin de semana en España (por ejemplo, lunes, martes)?","When is the weekend in Spain (e.g. Monday, Tuesday)?"
Ne-ar-17,Work life,Arabic (Algeria),"¿A qué hora comienza la mayoría de la gente a trabajar en España? (Indica en formato HH:MM (por ejemplo, 18:00, 09:00).)","At what time do most people start work in Spain? (Provide in HH:MM format (e.g., 18:00, 09:00).)"
Ne-ar-18,Work life,Arabic (Algeria),"¿A qué hora termina la mayoría de la gente de trabajar en España? (Indica en formato HH:MM (por ejemplo, 18:00, 09:00).)","At what time do most people finish work in Spain? (Provide in HH:MM format (e.g., 18:00, 09:00).)"
Ne-ar-20,Work life,Arabic (Algeria),¿Qué se considera un trabajo seguro en España?,What is considered to be a secure job in Spain?
Ne-ar-24,Work life,Arabic (Algeria),¿Cuál es la principal ciudad comercial de España?,Which city is the primary commercial hub in Spain?
Ne-ar-25,Work life,Arabic (Algeria),¿Cuál es la industria que mejor paga en España?,What is the industry that pays the best in Spain?
Ne-ar-26,Work life,Arabic (Algeria),¿Cuál es la corporación pública más famosa de España?,What is the most famous public corporation in Spain?
Ne-ar-31,Food,Arabic (Algeria),¿Cuál es el plato más famoso de España?,What is the most famous dish in Spain?
Ne-ar-32,Food,Arabic (Algeria),¿Qué suelen desayunar las personas en España?,What do people usually have for breakfast in Spain?
Ne-ar-33,Food,Arabic (Algeria),"¿A qué hora suelen almorzar las personas en España? (Indica en formato HH:MM (por ejemplo, 18:00, 09:00).)","When do people usually have lunch in Spain? (Provide in HH:MM format (e.g., 18:00, 09:00).)"
Ne-ar-34,Food,Arabic (Algeria),¿Qué es típicamente indispensable en las comidas en España?,What is typically indispensable in meals in Spain?
Ne-ar-36,Food,Arabic (Algeria),¿Cuál es una comida festiva típica en España?,What is a typical festive meal in Spain?
Ne-ar-37,Food,Arabic (Algeria),¿Qué fruta suelen ofrecer a los turistas/visitantes extranjeros en España?,Which fruit do people usually offer tourists/visitors from abroad in Spain?
Ne-ar-38,Food,Arabic (Algeria),¿Qué alimentos suelen ofrecer como caridad las personas en España?,Which food do people usually offer as charity in Spain?
Ne-ar-39,Food,Arabic (Algeria),¿Cuál es la comida rápida más barata en España?,What is the cheapest fast food in Spain?
Ne-ar-43,Food,Arabic (Algeria),¿Qué suelen tomar las personas con té en España?,What do people usually have with tea in Spain?
Ne-ar-44,Food,Arabic (Algeria),¿Qué toman las personas con el café en España?,What do people have with coffee in Spain?
New-am-02,Food,Amharic (Ethiopia),¿Cuál es la comida tradicional más popular en España?,What is the most popular traditional food in Spain?
New-am-04,Food,Amharic (Ethiopia),¿Cuál es la salsa para mojar más popular en España?,What is the most popular dipping sauce in Spain?
New-am-08,Food,Amharic (Ethiopia),¿Cuál es la comida más consumida durante el ayuno cristiano en España?,What food is most often consumed during Christian fasting in Spain?
New-am-15,Food,Amharic (Ethiopia),¿Qué comida se suele preparar cuando las madres dan a luz en España?,What food is usually prepared when mothers give birth in Spain?
New-am-27,Sport,Amharic (Ethiopia),¿Quién es la deportista femenina más popular en España?,Who is the most popular female sportperson in Spain?
New-am-34,Education,Amharic (Ethiopia),¿Dónde se preparan para sus exámenes la mayoría de los estudiantes de primaria en España?,Where do most elementary school students prepare for their exams in Spain?
New-am-41,Education,Amharic (Ethiopia),"En España, ¿en qué curso los estudiantes hacen su primer examen de ámbito nacional?","In Spain, at which grade level do students take their first national-level examination?"
New-am-53,Work life,Amharic (Ethiopia),¿Qué región de España es ampliamente conocida por su industria del café/té?,Which region in Spain is widely known for its coffee/tea industry?
New-am-54,Work life,Amharic (Ethiopia),¿Qué región de España es ampliamente conocida por su industria ganadera?,Which region in Spain is widely known for its livestock industry?
New-am-59,Work life,Amharic (Ethiopia),¿Cuál es el principal trabajo de las personas que viven en los desiertos de España?,What is the main occupation of people living in deserts in Spain?
New-am-60,Work life,Amharic (Ethiopia),¿Qué animal se utiliza típicamente para el transporte en España?,Which animal is typically used for transportation in Spain?
New-am-72,Family,Amharic (Ethiopia),¿Cuál es el cómic más popular para niños en España?,What is the most popular comic book for children to read in Spain?
New-am-73,Family,Amharic (Ethiopia),¿Cuál es el canal de YouTube más popular para niños en España?,What is the most popular YouTube channel for children in Spain?
New-am-74,Family,Amharic (Ethiopia),¿Cuál es el programa de entrevistas más popular en España?,What is the most popular talk show in Spain?
New-am-77,Holidays/Celebration/Leisure,Amharic (Ethiopia),¿Cuál es la festividad religiosa más famosa de España?,What is the most famous religious holiday in Spain?
New-am-81,Holidays/Celebration/Leisure,Amharic (Ethiopia),"¿Cuál es el mes más con más bodas en España? (Indica solo con números arábigos, por ejemplo, 1.)","What is the busiest month for weddings in Spain? (Provide Arabic numerals (e.g., 1) only.)"
New-am-83,Holidays/Celebration/Leisure,Amharic (Ethiopia),¿Cuál es el instrumento musical tradicional más popular en España?,What is the most popular traditional musical instrument in Spain?
New-as-01,Food,Assamese (Assam),¿Cuál es el principal producto agrícola producido en España?,What is the main agricultural product produced in Spain?
New-as-02,Food,Assamese (Assam),¿Cuál es el alimento con trigo más popular en España?,What is the most popular wheat-based food item in Spain?
New-as-05,Food,Assamese (Assam),¿Cuál es la bebida más típica que se ofrece a los invitados cuando visitan las casas en España?,What is the most typical drink offered to guests when they visit households in Spain?
New-as-07,Food,Assamese (Assam),¿Cuál es el plato más popular cocinado con pescado en España?,What is the most popular dish cooked with fish in Spain?
New-as-14,Food,Assamese (Assam),¿Qué comida les gusta comer a las personas de España durante el tiempo lluvioso?,What food do people from Spain like to eat during rainy weather?
New-as-15,Food,Assamese (Assam),¿Qué bebida se consume comúnmente en España cuando hace calor?,What drink is commonly consumed in Spain when the weather is hot?
New-as-20,Sport,Assamese (Assam),¿Cuál es el deporte de interior más popular en España?,What is the most popular indoor sport in Spain?
New-as-29,Sport,Assamese (Assam),¿Qué deporte les gusta ver a los hombres en España?,What sport do men in Spain like to watch?
New-as-30,Sport,Assamese (Assam),¿Qué deporte les gusta ver a las mujeres en España?,What sport do women in Spain like to watch?
New-as-58,Work life,Assamese (Assam),¿Cuál es la bebida más popular que a la gente de España le gusta beber en su lugar de trabajo?,What is the most popular beverage that people from Spain like to drink in their workplace?
New-as-64,Family,Assamese (Assam),¿En qué festivo suelen reunirse todos los miembros de la familia en España?,On which holiday do all family members tend to reunite in Spain?
New-as-76,Holidays/Celebration/Leisure,Assamese (Assam),¿Qué juegos tradicionales juegan las familias durante las fiestas tradicionales en España?,What traditional games do families play during traditional holidays in Spain?
New-as-80,Holidays/Celebration/Leisure,Assamese (Assam),¿Qué tipo de ropa visten las personas de España durante los festivales tradicionales?,What type of clothing do people from Spain wear during traditional festivals?
New-as-89,Holidays/Celebration/Leisure,Assamese (Assam),¿Qué accesorios tradicionales de fiesta lleva la gente de España?,What traditional festival accessories do people from Spain wear?
New-az-05,Food,Azerbaijani (Azerbaijan),¿Cuál es la región más famosa por la producción de alcohol en España?,What is the most famous region for alcohol production in Spain?
New-az-11,Food,Azerbaijani (Azerbaijan),¿Qué fruta comen a menudo las personas de España en la temporada de verano?,What fruit do people from Spain often eat in the summer season?
New-az-12,Food,Azerbaijani (Azerbaijan),¿Qué región de España es conocida por su marisco?,Which region in Spain is known for its seafood?
New-az-21,Sport,Azerbaijani (Azerbaijan),¿Cuál es la región más popular para esquiar en España?,Which region in Spain is the most popular skiing destination?
New-az-26,Sport,Azerbaijani (Azerbaijan),¿Quién es el deportista de artes marciales más popular en España?,Who is the most popular martial arts player in Spain?
New-az-27,Sport,Azerbaijani (Azerbaijan),¿Cuál ha sido uno de los deportes de más rápido crecimiento en España durante la última década?,Which sport has been one of the fastest-growing in Spain over the last decade?
New-az-39,Education,Azerbaijani (Azerbaijan),¿Qué país es el destino más popular para los estudiantes de España que estudian en el extranjero?,Which country is the most popular destination for students from Spain studying abroad?
New-az-49,Work life,Azerbaijani (Azerbaijan),"¿Cuántas personas trabajan en una familia típica en España? (Indica solo números arábigos (p. ej., 1).)","How many people work in a typical family in Spain? (Provide Arabic numerals (e.g., 1) only.)"
New-az-60,Family,Azerbaijani (Azerbaijan),"¿En España, quién se encarga de los niños cuando ambos padres están trabajando?","In Spain, who takes care of kids when both parents are working?"
New-az-69,Holidays/Celebration/Leisure,Azerbaijani (Azerbaijan),¿Cuál es la bebida alcohólica preferida por los hombres de España?,What is the preferred alcoholic beverage for men from Spain?
New-az-70,Holidays/Celebration/Leisure,Azerbaijani (Azerbaijan),¿Cuál es la bebida alcohólica preferida por las mujeres de España?,What is the preferred alcoholic beverage for women from Spain?
New-az-73,Holidays/Celebration/Leisure,Azerbaijani (Azerbaijan),"¿Cuántas personas asisten de media a una boda en España? (Indica solo números arábigos (p. ej., 1).)","How many people on average typically attend a wedding in Spain? (Provide Arabic numerals (e.g., 1) only.)"
New-ch-01,Food,Chinese (China),¿Qué tipo de carne suele comer la gente cuando hacen barbacoa en España?,What kind of meat do people usually eat when they have barbecue in Spain?
New-ch-02,Food,Chinese (China),"¿A qué hora suelen desayunar las personas en España? (Indica en formato HH:MM, por ejemplo, 18:00, 09:00).","When do people usually have breakfast in Spain? (Provide in HH:MM format (e.g., 18:00, 09:00).)"
New-ch-04,Food,Chinese (China),¿Qué tipos de comida suelen comer las personas para los tentempiés nocturnos en España?,What kinds of food do people usually eat for late-night snacks in Spain?
New-ch-05,Food,Chinese (China),¿Cuál es el plato picante más famoso de España?,What is the most famous spicy dish in Spain?
New-ch-07,Food,Chinese (China),¿Con qué alimentos suelen acompañar las bebidas alcohólicas fuertes en España?,What food items do people typically pair with hard liquor in Spain?
New-ch-08,Food,Chinese (China),¿Qué condimento es indispensable para cocinar en España?,What seasoning is indispensable in cooking in Spain?
New-ch-09,Food,Chinese (China),¿Qué comida consumen típicamente las personas cuando hace frío en España?,What food do people typically consume when the weather is cold in Spain?
New-ch-13,Food,Chinese (China),¿Cuál es la marca de alcohol más famosa en España?,What is the most famous alcohol brand in Spain?
New-ch-14,Food,Chinese (China),¿Qué alimentos suelen comer las personas cuando están enfermas en España?,What foods do people usually eat when they are sick in Spain?
New-ch-15,Food,Chinese (China),¿Qué comida preparada/lista para comer suelen comprar las personas en los supermercados de España?,What prepared/ready-to-eat food do people typically buy at supermarkets in Spain?
New-ch-16,Sport,Chinese (China),¿Cuál es la película relacionada con el deporte más famosa en España?,What is the most famous sports-related movie in Spain?
New-ch-17,Sport,Chinese (China),¿Qué deporte extremo desean probar más las personas en general en España?,What extreme sport do people generally wish to try the most in Spain?
New-ch-18,Sport,Chinese (China),¿Cuál es la prueba de atletismo más popular para ver durante las competiciones en España?,Which track and field event is the most popular to watch during competitions in Spain?
New-ch-19,Sport,Chinese (China),¿Cuál es la prueba de gimnasia más popular para ver durante las competiciones en España?,Which gymnastics event is the most popular to watch during competitions in Spain?
New-ch-23,Sport,Chinese (China),¿Quién es el jugador de tenis de mesa más famoso de España?,Who is the most famous table tennis player in Spain?
New-ch-26,Sport,Chinese (China),"En los Juegos Olímpicos de Invierno, ¿cuál es el evento más popular para ver en España?","In the Winter Olympics, which event is the most popular to watch in Spain?"
New-ch-27,Sport,Chinese (China),¿Quién es el boxeador más famoso de España?,Who is the most famous boxer in Spain?
New-ch-30,Sport,Chinese (China),¿Quién es el atleta de atletismo más famoso de España?,Who is the most famous track and field athlete in Spain?
New-ch-31,Work life,Chinese (China),¿Qué profesión esperan los padres que sus hijos persigan más en España?,What job do parents most hope their children will pursue in Spain?
New-ch-32,Work life,Chinese (China),¿Qué software de oficina suelen utilizar las personas en el lugar de trabajo en España?,What office software do people typically use in the workplace in Spain?
New-ch-38,Work life,Chinese (China),¿Qué ciudades o regiones son conocidas por sus actividades de importación y exportación en España?,Which cities or regions are known for their import and export activities in Spain?
New-ch-39,Work life,Chinese (China),¿Qué plataforma se utiliza comúnmente en la industria del comercio electrónico en España?,What platform is commonly used in the e-commerce industry in Spain?
New-ch-44,Work life,Chinese (China),"¿Cuál es el período de prueba típico para los nuevos empleados antes de firmar un contrato formal en España? (por ejemplo, 1 mes).","How long is the typical probation period for new employees before signing a formal contract in Spain? (e.g., 1 month)."
New-ch-45,Work life,Chinese (China),¿En qué industrias suelen elegir los jóvenes empezar negocios en España?,Which industries do young people typically choose to start businesses in Spain?
New-ch-49,Family,Chinese (China),¿Cuál es la forma más común en que los miembros de una familia se comunican a distancia en España?,What is the most common way for family members to communicate remotely in Spain?
New-ch-51,Family,Chinese (China),¿Qué tipo de alojamiento se reserva habitualmente para viajes familiares en España?,What form of accommodation is typically booked for family trips in Spain?
New-ch-54,Family,Chinese (China),¿Qué fruta se suele preparar más para las cenas familiares en España?,Which fruit is usually prepared the most for family dinners in Spain?
New-ch-64,Education,Chinese (China),"¿Cuántas horas de clases suelen tener los estudiantes universitarios por semana en España? (Proporciona solo números arábigos (por ejemplo, 1).)","How many hours of classes do university students typically have per week in Spain? (Provide Arabic numerals (e.g., 1) only.)"
New-ch-66,Education,Chinese (China),"¿Cuál es la tasa de matrícula típica por semestre para los institutos públicos en España? (Proporciona solo números arábigos (p. ej., 1).)","What is the typical tuition fee per semester for public high schools in Spain?  (Provide Arabic numerals (e.g., 1) only.)"
New-ch-70,Education,Chinese (China),¿Qué asignaturas obligatorias tienen en común los estudiantes universitarios en España?,What compulsory courses do university students have in common in Spain?
New-ch-71,Education,Chinese (China),"¿Cuál es el tamaño medio de las clases en los institutos de secundaria en España? (Proporcione solo números arábigos (p. ej., 1).)","What is the average class size in high schools in Spain? (Provide Arabic numerals (e.g., 1) only.)"
New-ch-72,Education,Chinese (China),¿Qué carrera se considera que conduce más al empleo en España?,Which major is considered most conducive to employment in Spain?
New-ch-73,Education,Chinese (China),¿Qué tipo de clubes son los más populares entre los estudiantes universitarios en España?,What type of clubs are most popular among university students in Spain?
New-ch-74,Education,Chinese (China),¿Dónde viven principalmente los estudiantes universitarios en España?,What types of accommodation do university students in Spain typically live in?
New-ch-75,Education,Chinese (China),"¿Cuánto dura cada período de clase para los estudiantes de secundaria en España (minutos)? (Proporcione solo números arábigos (por ejemplo, 1).)","How long is each class period for middle school students in Spain (minutes)?  (Provide Arabic numerals (e.g., 1) only.)"
New-ch-78,Holidays/Celebration/Leisure,Chinese (China),¿Qué actividades de ocio suelen gustar a las mujeres jubiladas en España?,What leisure activities do retired women typically like in Spain?
New-ch-79,Holidays/Celebration/Leisure,Chinese (China),¿Qué actividades de ocio suelen gustar a los hombres jubilados en España?,What leisure activities do retired men typically like in Spain?
New-ch-80,Holidays/Celebration/Leisure,Chinese (China),"¿En qué festividades suelen las personas visitar lugares religiosos (templos, iglesias, etc.) en España?","During which holidays do people typically visit religious sites (temples, churches, etc.) in Spain?"
New-ch-81,Holidays/Celebration/Leisure,Chinese (China),¿Cuáles son los regalos típicos para una inauguración de casa en España?,What are the typical housewarming gifts in Spain?
New-ch-82,Holidays/Celebration/Leisure,Chinese (China),"¿A qué hora suelen empezar las bodas en España? (Indica en formato HH:MM (por ejemplo, 18:00, 09:00).)","At what time do weddings typically start in Spain? (Provide in HH:MM format (e.g., 18:00, 09:00).)"
New-ch-83,Holidays/Celebration/Leisure,Chinese (China),¿Qué ciudad de España acoge más festivales?,Which city in Spain hosts festivals the most?
New-ch-84,Holidays/Celebration/Leisure,Chinese (China),¿De qué color suelen vestir las personas cuando asisten a bodas en España?,What color of clothing do people typically wear when attending weddings in Spain?
New-ch-85,Holidays/Celebration/Leisure,Chinese (China),¿De qué color de ropa suelen vestir las personas cuando asisten a funerales en España?,What color of clothing do people typically wear when attending funerals in Spain?
New-en-01,Food,English (UK),¿Qué aperitivo se come en el cine en España?,Which snack is eaten in the cinema in Spain?
New-en-02,Food,English (UK),¿Cuál es el sabor de patatas fritas más popular en España?,What is the most popular chip/crisp flavour in Spain?
New-en-04,Food,English (UK),¿Quién es un chef famoso y popular en España?,Who is a popular celebrity chef in Spain?
New-en-05,Food,English (UK),¿Qué comida es una opción de comida rápida y económica en España?,Which food is a cost-effective and quick meal option in Spain?
New-en-07,Food,English (UK),¿Cuáles son los programas de cocina más populares en España?,What are the most popular cooking shows in Spain?
New-en-08,Food,English (UK),¿Cuál es la marca de chocolate más popular en España?,What is the most popular chocolate brand in Spain?
New-en-10,Food,English (UK),¿Cuál es el queso más consumido en España?,What is the most eaten cheese in Spain?
New-en-11,Food,English (UK),¿Cuál es la verdura más odiada en España?,What is the most disliked vegetable in Spain?
New-en-12,Food,English (UK),¿Qué comida se encuentra más comúnmente en las zonas de comidas de España?,What food is most commonly found in food courts in Spain?
New-en-17,Sport,English (UK),¿Cuáles son los instrumentos de animación más comunes utilizados por los aficionados al deporte en España?,What are the most common cheering tools used by sports fans in Spain?
New-en-18,Sport,English (UK),¿Qué llevan los aficionados consigo cuando asisten a un partido en directo en España?,What do fans bring with them when attending a live game in Spain?
New-en-19,Sport,English (UK),¿Cuál es el estadio deportivo más conocido de España?,What is the most well known sporting stadium in Spain?
New-en-23,Sport,English (UK),¿Quién es el paralímpico más famoso de España?,Who is the most famous Paralympian in Spain?
New-en-26,Sport,English (UK),¿Cuál es el cántico deportivo más reconocido en España?,What is the best recognized sporting chant in Spain?
New-en-38,Work life,English (UK),¿Qué industrias son conocidas por tener horarios de trabajo más flexibles en España?,Which industries are known for more flexible working hours in Spain?
New-en-41,Work life,English (UK),¿Quién es el empresario más conocido y exitoso de España?,Who is the most well known and successful entrepreneur in Spain?
New-en-47,Family,English (UK),¿Qué se puede encontrar típicamente en el jardín trasero de las casas en España?,What can typically be found in the back garden of houses in Spain?
New-en-49,Family,English (UK),¿Cuál es el nombre de la familia más famosa de España?,What is the name of the most famous family in Spain?
New-en-50,Family,English (UK),¿Cuál es el apellido más común en España?,What is the most common family name in Spain?
New-en-55,Family,English (UK),¿Qué religión practican más comúnmente las familias en España?,Which religion is most commonly practiced by families in Spain?
New-en-56,Family,English (UK),¿Cuál es el idioma extranjero más hablado por las familias en España?,What is the most popular foreign language spoken by families in Spain?
New-en-59,Family,English (UK),¿Cuál es el destino más popular para las familias de España para emigrar?,Which country is the most popular destination for families from Spain to emigrate to?
New-en-68,Education,English (UK),¿Qué repercusiones hay para el mal comportamiento en las escuelas en España?,What repercussions are there for bad behavior in schools in Spain?
New-en-69,Education,English (UK),¿Qué escritores se estudian comúnmente en la clase de literatura en España?,Which writers are commonly studied in literature class in Spain?
New-en-70,Education,English (UK),"¿Cuántas vacaciones escolares hay en un año para los institutos de secundaria en España? (Proporciona solo números arábigos (p. ej., 1).)","How many school breaks are there in a year for high schools in Spain? (Provide Arabic numerals (e.g., 1) only.)"
New-en-72,Education,English (UK),¿Qué recurso en línea suelen utilizar los estudiantes para estudiar en España?,Which online resource do students usually use to study in Spain?
New-en-75,Education,English (UK),"¿Cuál es la duración media de un semestre en términos de semanas de docencia en las universidades de España? (Proporcione solo números arábigos (p. ej., 1).)","What is the average length of a semester in terms of weeks of teaching at universities in Spain? (Provide Arabic numerals (e.g., 1) only.)"
New-en-76,Holidays/Celebration/Leisure,English (UK),¿Cuál es el aeropuerto más concurrido de España durante la temporada de vacaciones?,Which airport in Spain is the busiest during the holiday season?
New-en-79,Holidays/Celebration/Leisure,English (UK),¿Qué región de España es bien conocida por sus representaciones teatrales?,Which region of Spain is well known for its theatrical performances?
New-en-87,Holidays/Celebration/Leisure,English (UK),¿Cuál es el monumento histórico más famoso de España?,What is the most famous historic landmark in Spain?
New-en-90,Holidays/Celebration/Leisure,English (UK),¿Cuál es la cadena hotelera más famosa de España?,What is the most famous hotel brand in Spain?
New-gr-05,Food,Greek (Greece),¿Cuál es la opción de desayuno para llevar más popular en España?,What is the most popular grab-and-go breakfast option in Spain?
New-gr-06,Food,Greek (Greece),¿Cuál es la comida más popular en España entre los jóvenes?,What is the most popular food in Spain among young people?
New-gr-08,Food,Greek (Greece),¿Qué tipo de bebida alcohólica se consume más comúnmente en los festivales en España?,What type of alcoholic drink is most commonly consumed at festivals in Spain?
New-gr-13,Food,Greek (Greece),¿Cuál es la bebida matutina más común en España?,What is the most common morning drink in Spain?
New-gr-15,Food,Greek (Greece),¿Cuál es el postre tradicional más popular en España?,What is the most popular traditional dessert in Spain?
New-gr-21,Sport,Greek (Greece),¿Cuál es el deporte de raqueta más popular en España?,What is the most popular racket sport in Spain?
New-gr-24,Sport,Greek (Greece),¿Cuál es el deporte de atletismo más popular en España?,What is the most popular track and field sport in Spain?
New-gr-29,Sport,Greek (Greece),¿Cuál es el evento deportivo internacional más popular en España?,Which international sporting event is the most popular in Spain?
New-gr-47,Work life,Greek (Greece),"¿Cuánto duran (en minutos) los descansos laborales típicos en España, excluyendo las pausas para almorzar y cenar? (Indica solo números arábigos (p. ej., 1).)","How long (in minutes) are typical work breaks in Spain, excluding lunch and dinner breaks? (Provide Arabic numerals (e.g., 1) only.)"
New-gr-58,Work life,Greek (Greece),¿Qué trabajo se considera mal pagado en España?,Which job is considered underpaid in Spain?
New-gr-76,Holidays/Celebration/Leisure,Greek (Greece),¿Cuál es la comida más común servida durante la Semana Santa en España?,What is the most common food served during Easter in Spain?
New-gr-82,Holidays/Celebration/Leisure,Greek (Greece),¿Cuál es el género musical más popular entre la población anciana en España?,What is the most popular music genre among the elderly population in Spain?
New-gr-88,Holidays/Celebration/Leisure,Greek (Greece),¿Qué bebida se suele ofrecer en los funerales en España?,What drink is usually offered at funerals in Spain?
New-gr-89,Holidays/Celebration/Leisure,Greek (Greece),¿Qué bebida se suele ofrecer en las bodas en España?,What drink is usually offered at weddings in Spain?
New-ha-07,Food,Hausa (Northern Nigeria),¿Qué comida originaria de España se puede encontrar en todo el mundo?,What food originated from Spain and can be found all over the world?
New-ha-08,Food,Hausa (Northern Nigeria),¿Qué comida suele no gustarle a los niños pero sí a los mayores en España?,What food is typically disliked by children but enjoyed by the elderly in Spain?
New-ha-09,Food,Hausa (Northern Nigeria),¿Qué utensilio de cocina se utiliza más comúnmente en España?,What cooking utensil is most commonly used in Spain?
New-ha-13,Food,Hausa (Northern Nigeria),¿Cuál es la verdura más popular en España?,Which is the most popular vegetable in Spain?
New-ha-19,Sport,Hausa (Northern Nigeria),¿Qué animal se utiliza para los deportes en España?,Which animal is used for sports in Spain?
New-ha-66,Family,Hausa (Northern Nigeria),¿Cuál es el lugar de bodas más popular en España?,What is the most popular wedding venue in Spain?
New-in-01,Food,Indonesian (Indonesia),¿Cuál es la marca de cafeterías más popular en España?,Which coffee shop brand is the most popular in Spain?
New-in-03,Food,Indonesian (Indonesia),¿Qué tipo de comida de España se sirve típicamente en restaurantes en el extranjero?,What type of food from Spain is typically served in restaurants overseas?
New-in-33,Work life,Indonesian (Indonesia),¿Qué región de España se asocia normalmente con la minería?,What region in Spain is usually associated with mining?
New-in-34,Work life,Indonesian (Indonesia),¿Qué región de España se asocia normalmente con el aceite?,What region in Spain is usually associated with oil?
New-in-62,Education,Indonesian (Indonesia),¿Qué universidad en España es popular por su carrera de ingeniería? (Proporciona el nombre oficial.),What university in Spain is popular because of its engineering major? (Provide the official name.)
New-in-63,Education,Indonesian (Indonesia),¿Qué universidad en España es popular por su facultad de medicina? (Proporciona el nombre oficial.),What university in Spain is popular because of its school of medicine? (Provide the official name.)
New-in-78,Holidays/Celebration/Leisure,Indonesian (Indonesia),¿Cuál es el método de pago más popular en España?,What is the most popular payment method in Spain?
New-in-80,Holidays/Celebration/Leisure,Indonesian (Indonesia),¿Cuál es el parque temático más famoso de España?,What is the most famous theme park in Spain?
New-ko-01,Family,Korean (Korea),¿Cuál es la serie de animación infantil más popular que suelen ver los niños en España?,What is the most popular children's animation that is commonly watched by kids in Spain?
New-ko-02,Family,Korean (Korea),¿Cuál es la actividad de educación prenatal más popular para las mujeres embarazadas en España?,What is the most popular prenatal education activity for pregnant women in Spain?
New-ko-03,Family,Korean (Korea),¿Cuál es la canción infantil más popular en España que las familias cantan juntas?,What is the most popular children's song in Spain that families sing together?
New-ko-04,Family,Korean (Korea),¿Cuáles son los juguetes más populares entre los niños en España?,Which toys are most popular among boys in Spain?
New-ko-05,Family,Korean (Korea),¿Cuáles son los juguetes más populares entre las niñas en España?,Which toys are most popular among girls in Spain?
New-ko-06,Family,Korean (Korea),¿Cuál es el cuento popular más famoso en España que se suele contar a los niños?,What is the most popular folk tale in Spain that is typically told to children?
New-ko-07,Holidays/Celebration/Leisure,Korean (Korea),¿Cuál es el símbolo habitual de condolencia utilizado en los funerales en España?,What is the customary symbol of condolence used at funerals in Spain?
New-ko-08,Work life,Korean (Korea),¿Dónde suelen trabajar a tiempo parcial los estudiantes universitarios en España?,Where do university students in Spain tend to work part-time the most?
New-ko-09,Work life,Korean (Korea),¿Cuáles son las actividades de team-building más practicadas en las empresas con sede en España?,What are the most frequently practiced team-building activities in companies based in Spain?
New-ko-10,Work life,Korean (Korea),¿Cuáles son las actividades más comunes que la gente hace como trabajo secundario en España?,What are the most common activities people do as a side job in Spain?
New-pe-02,Food,Persian (Iran),¿Cuál es el recuerdo comestible más famoso para los turistas en España?,What is the most famous edible souvenir for tourists in Spain?
New-pe-06,Food,Persian (Iran),¿Cuál es el guiso más popular en España?,What is the most popular stew in Spain?
New-pe-11,Food,Persian (Iran),¿Cuál es la especia más común utilizada en los platos de España?,What is the most common spice/herb used in dishes from Spain?
New-pe-16,Sport,Persian (Iran),¿Cuál es el deporte tradicional más famoso de España?,What is the most famous traditional sport in Spain?
New-pe-20,Sport,Persian (Iran),¿Qué deporte es popular para jugar en la playa en España?,What sport is popular to play on the beach in Spain?
New-pe-45,Work life,Persian (Iran),¿Cuál suele ser el horario laboral durante el mes de Ramadán en España?,What is the usual work schedule during the month of Ramadan in Spain?
New-pe-47,Family,Persian (Iran),"¿Cuándo se celebra el Día del Estudiante en España? (Indica en formato MM/DD (por ejemplo, 12/31).)","When is Student's Day celebrated in Spain? (Provide in MM/DD format (e.g., 12/31).)"
New-pe-49,Family,Persian (Iran),¿Dónde se reúnen las familias para rezar juntas en España?,Where do families gather to pray together in Spain?
New-pe-53,Family,Persian (Iran),¿Qué regalos reciben los padres en el Día del Padre (o Día de los Padres) en España?,What gifts do fathers get on Father's Day (or Parents' Day) in Spain?
New-pe-54,Family,Persian (Iran),¿Qué regalos reciben las madres en el Día de la Madre (o Día de los Padres) en España?,What gifts do mothers get on Mother's Day (or Parents' Day) in Spain?
New-pe-59,Family,Persian (Iran),"¿Cuántas generaciones suelen vivir juntas en un hogar en España? (Indica solo números enteros (por ejemplo, 12).)","How many generations typically live together in a household in Spain? (Provide Arabic numerals (e.g., 12) only.)"
New-pe-65,Education,Persian (Iran),"¿Cuántas asignaturas se imparten en los institutos de secundaria en España? (Proporciona solo números arábigos (por ejemplo, 12).)","How many subjects are taught in middle schools in Spain? (Provide Arabic numerals (e.g., 12) only.)"
New-pe-66,Education,Persian (Iran),¿Cuál es la actividad extraescolar más popular en las escuelas primarias de España?,What is the most popular after school curricular in elementary schools in Spain?
New-pe-74,Education,Persian (Iran),¿Cuál es la cuota de matrícula anual promedio para las universidades públicas en España?,How much is the average annual tuition fee for public universities in Spain?
New-pe-76,Holidays/Celebration/Leisure,Persian (Iran),¿Cuál es una actividad popular para hacer en los parques en España?,What is a popular activity to do in parks in Spain?
New-pe-78,Holidays/Celebration/Leisure,Persian (Iran),¿Cuál es el nombre del festival de cine más famoso celebrado en España?,What is the name of the most famous film festival held in Spain?
New-pe-83,Holidays/Celebration/Leisure,Persian (Iran),¿Cuál es el juego de cartas popular que se juega durante las reuniones sociales en España?,What is the popular card game played during social gatherings in Spain?
New-pe-85,Holidays/Celebration/Leisure,Persian (Iran),¿Cuál es el destino turístico más popular en el extranjero para la gente de España?,Where is the most popular tourist destination abroad for people from Spain?
New-pe-86,Holidays/Celebration/Leisure,Persian (Iran),¿Cómo se llama la torre más famosa de España?,What is the name of the most famous tower in Spain?
New-spme-01,Food,Spanish (Mexico),¿Qué insecto comestible se consume más a menudo en España?,What edible insect is eaten most often in Spain?
New-spme-04,Food,Spanish (Mexico),¿Cuál es el producto agrícola que más se exporta en España?,Which agricultural product is exported most often in Spain?
New-spme-05,Food,Spanish (Mexico),¿Cuáles son los dulces más populares en España?,What are the most popular sweets in Spain?
New-spme-15,Sport,Spanish (Mexico),¿Cuál es la bebida deportiva más popular en España?,What is the most popular sports drink in Spain?
New-spme-27,Education,Spanish (Mexico),¿Cuál es el nivel de educación promedio de las personas en España?,What is the average education level for people in Spain?
New-spme-37,Education,Spanish (Mexico),¿Cuál es la profesión que más estudian en el extranjero los estudiantes de España?,Which profession is most commonly studied abroad by students from Spain?
New-spme-60,Family,Spanish (Mexico),"¿Qué día de la semana realizan la mayoría de las familias en España actividades religiosas? (p. ej., lunes, martes)","Which day of the week do most families in Spain practice religious activities? (e.g. Monday, Tuesday)"
New-spme-65,Family,Spanish (Mexico),¿Cuál es la forma más popular de celebrar el Día de la Independencia en España?,What is the most popular way to celebrate Independence Day in Spain?
New-spme-68,Family,Spanish (Mexico),¿Cuál es la bebida más popular entre los niños en España?,What is the most popular beverage among children in Spain?
New-spme-76,Holidays/Celebration/Leisure,Spanish (Mexico),¿Cuál es el lugar más popular en España para celebrar el Día de la Independencia?,What is the most popular place in Spain to celebrate Independence Day?
New-spme-78,Holidays/Celebration/Leisure,Spanish (Mexico),¿Cómo se llama la canción que se suele cantar en las fiestas de cumpleaños en España?,What is the name of the song that is typically sung at birthday parties in Spain?
New-su-01,Food,Sundanese (West Java),¿Qué aperitivos se venden habitualmente frente a las escuelas en España?,What snacks are usually sold in front of schools in Spain?
New-su-09,Food,Sundanese (West Java),¿Qué aceite se utiliza habitualmente para cocinar en España?,What oil is usually used for cooking in Spain?
New-su-10,Food,Sundanese (West Java),¿Qué alimentos consumen habitualmente las mujeres embarazadas en España?,What food is commonly consumed by pregnant women in Spain?
New-su-15,Food,Sundanese (West Java),¿Cuál es la bebida tradicional sin alcohol más popular en España?,What is the most popular traditional non-alcoholic drink in Spain?
New-su-17,Sport,Sundanese (West Java),¿Qué instalaciones deportivas suele haber en los parques de España?,What sports facilities are generally available in parks in Spain?
New-su-21,Sport,Sundanese (West Java),¿Cuáles son las actividades que los mayores suelen hacer en los parques en España?,What are the common activities that seniors usually do in parks in Spain?
New-su-24,Sport,Sundanese (West Java),¿Qué deportes suelen practicar juntos padres e hijos en España?,What sports do parents and children commonly play together in Spain?
New-su-28,Sport,Sundanese (West Java),¿Qué color se asocia con la selección nacional de fútbol de España?,What color is associated with the national soccer team of Spain?
New-su-33,Education,Sundanese (West Java),¿Cuál es el código de vestimenta común para los profesores de escuela en España?,What is the common dress code for school teachers in Spain?
New-su-34,Education,Sundanese (West Java),¿Cuál es la actividad extracurricular relacionada con la música más popular en las escuelas de España?,What is the most popular extracurricular activity related to music in schools in Spain?
New-su-42,Education,Sundanese (West Java),¿Qué religión se enseña principalmente en las escuelas en España?,What religion is mainly taught in schools in Spain?
New-su-45,Education,Sundanese (West Java),"¿En qué fecha se celebra el Día de la Educación en España? (Indica en formato MM/DD (por ejemplo, 12/31).)","What date is Education Day celebrated in Spain? (Provide in MM/DD format (e.g., 12/31).)"
New-su-50,Work life,Sundanese (West Java),¿Cuál es el principal trabajo de las personas en las zonas montañosas de España?,What is the main occupation of people in mountainous areas in Spain?
New-su-51,Work life,Sundanese (West Java),¿Cuál es el principal trabajo de las personas en las zonas costeras de España?,What is the main occupation of people in coastal areas in Spain?
New-su-57,Work life,Sundanese (West Java),¿Cuál es el ganado más criado en España?,What is the most common livestock raised in Spain?
New-su-58,Work life,Sundanese (West Java),¿Qué animales se utilizan comúnmente para la agricultura en España?,What animals are commonly used for agriculture in Spain?
New-su-59,Work life,Sundanese (West Java),¿Qué suelen llevar los agricultores en España para protegerse del calor mientras trabajan en el campo?,What do farmers in Spain typically wear to protect themselves from the heat whilst farming?
New-su-60,Work life,Sundanese (West Java),¿Qué suelen comer los granjeros en España para almorzar?,What do farmers in Spain usually eat for lunch?
New-su-71,Family,Sundanese (West Java),¿Qué regalos suelen dar los padres a sus hijos por sus cumpleaños en España?,What gifts do parents generally give to their children for their birthdays in Spain?
New-su-75,Family,Sundanese (West Java),¿Qué vehículos suelen tener la mayoría de las familias en España?,What type of vehicle do most families in Spain generally own?
New-su-77,Holidays/Celebration/Leisure,Sundanese (West Java),¿Qué se suele dar a los niños durante el Eid en España?,What is usually given to the children during Eid in Spain?
New-su-81,Holidays/Celebration/Leisure,Sundanese (West Java),¿Qué ropa suelen llevar los novios en las bodas en España?,What clothes do grooms usually wear at weddings in Spain?
New-su-82,Holidays/Celebration/Leisure,Sundanese (West Java),¿Qué ropa suelen llevar las novias en las bodas en España?,What clothes do brides usually wear at weddings in Spain?
New-su-83,Holidays/Celebration/Leisure,Sundanese (West Java),¿Qué comida se suele servir en las bodas en España?,What food is usually served at weddings in Spain?
New-su-86,Holidays/Celebration/Leisure,Sundanese (West Java),¿Cuál es el edificio gubernamental más famoso de España?,What is the most famous government building in Spain?
New-su-88,Holidays/Celebration/Leisure,Sundanese (West Java),¿Cuál es el género musical más popular entre la población joven en España?,What is the most popular music genre among the younger population in Spain?
Ni-en-02,Education,English (UK),"¿A qué hora suelen salir los estudiantes de secundaria en España cada día? (Indicar en formato HH:MM, por ejemplo, 18:00, 09:00).","What time do middle school students in Spain typically finish school each day? (Provide in HH:MM format (e.g., 18:00, 09:00).)"
Ni-en-03,Education,English (UK),"¿A qué edad suelen ir las personas a la universidad en España?  (Proporciona la respuesta en números (por ejemplo, 12).)","At what age do people in Spain typically go to university? (Provide Arabic numerals (e.g., 12) only.)"
Ni-en-06,Education,English (UK),"¿A partir de qué edad es obligatoria la educación en España?  (Proporciona la respuesta en números (por ejemplo, 12).)","From what age do people need to attend compulsory education in Spain? (Provide Arabic numerals (e.g., 12) only.)"
Ni-en-09,Education,English (UK),¿Cuántos días a la semana asisten los niños al colegio en España? (Proporciona la respuesta en números del 0 al 7).,How many days a week do children attend school in Spain? (Provide Arabic numerals (0~7) only.)
Ni-en-11,Education,English (UK),"En España, ¿cuánto tiempo (en años) se tarda normalmente en completar un máster? (Proporciona la respuesta en números (por ejemplo, 12).)","In Spain, how long (in years) does a Master's degree typically take to complete? (Provide Arabic numerals (e.g., 12) only.)"
Ni-en-12,Education,English (UK),¿Cuál es la mejor universidad de España? (Proporciona el nombre oficial.),What is the top university in Spain? (Provide the official name.)
Ni-en-13,Education,English (UK),"¿A qué edad se gradúa la mayoría de la gente en España de la universidad? (Proporciona la respuesta en números (por ejemplo, 12).)","At what age do most people in Spain graduate from university? (Provide Arabic numerals (e.g., 12) only.)"
Ni-en-15,Education,English (UK),"¿A qué edad suelen empezar los niños en España la educación secundaria? (indica la respuesta con un número (por ejemplo, 12).)","At what age do children in Spain generally start middle school? (Provide Arabic numerals (e.g., 12) only.)"
Ni-en-17,Work life,English (UK),"¿Cuántas horas a la semana trabaja normalmente un trabajador a tiempo completo en España? (Porporciona la respuesta en números, por ejemplo, 12).","How many hours a week does a full-time worker in Spain typically work? (Provide Arabic numerals (e.g., 12) only.)"
Ni-en-19,Work life,English (UK),¿Cuántos días a la semana trabaja un trabajador a tiempo completo en España? (Proporcione solo números arábigos (0~7).),How many days a week does a full-time worker work in Spain? (Provide Arabic numerals (0~7) only.)
Ni-en-20,Work life,English (UK),"¿A qué edad comienza a trabajar la mayoría de la gente en España? (Proporciona la respuesta en números, por ejemplo, 12.)","At what age do most people start working in Spain? (Provide Arabic numerals (e.g., 12) only.)"
Ni-en-21,Work life,English (UK),"¿A partir de qué edad se permite trabajar a una persona en España? (Porporciona la respuesta en números, por ejemplo, 12).","From what age is an individual allowed to work in Spain? (Provide Arabic numerals (e.g., 12) only.)"
Ni-en-31,Holidays/Celebration/Leisure,English (UK),¿Qué comen tradicionalmente las personas en España el día de Navidad?,What do people in Spain traditionally eat on Christmas Day?
Ni-en-37,Holidays/Celebration/Leisure,English (UK),¿Cómo se llama el día del año en el que la gente en España celebra el amor y el romanticismo?,What is the name of the day of the year where people in Spain celebrate love and romance?
Ni-en-40,Holidays/Celebration/Leisure,English (UK),¿Cuál es la canción de Navidad más popular en España?,What is the most popular Christmas song in Spain?
Nu-in-04,Education,Indonesian (Indonesia),"¿Cuántos semestres hay en cada año académico en los institutos de secundaria en España? (Proporciona la respuesta en números (p. ej., 7, 8).)","How many semesters are there each academic year at high schools in Spain? (Provide in Arabic numerals (e.g., 7, 8) only.)"
Nu-in-05,Education,Indonesian (Indonesia),¿En qué mes suele comenzar el nuevo año escolar en España? (Proporciona la respuesta en números(1~12).),In which month does the new school year typically begin in Spain? (Provide Arabic numerals (1~12) only.)
Nu-in-06,Education,Indonesian (Indonesia),"¿Cuándo se conmemora el Día Nacional del Docente en España? (Indicar en formato MM/DD, por ejemplo, 12/31).","When is National Teacher's Day commemorated in Spain? (Provide in MM/DD format (e.g., 12/31).)"
Nu-in-11,Education,Indonesian (Indonesia),"¿A qué hora comienza la escuela primaria en España? (Proporcionar en formato HH:MM (por ejemplo, 18:00, 09:00).)","At what time does elementary school start in Spain? (Provide in HH:MM format (e.g., 18:00, 09:00).)"
Nu-in-20,Family,Indonesian (Indonesia),"¿Cuándo se celebra el Día del Niño en España? (Indica en formato MM/DD, por ejemplo, 12/31).","When is Children's Day celebrated in Spain? (Provide in MM/DD format (e.g., 12/31).)"
Nu-in-40,Work life,Indonesian (Indonesia),¿Cuál es la ciudad principal destino de los buscadores de empleo en España?,Which city is the main destination for job seekers in Spain?
Sa-en-1,Food,English (UK),¿Cuál es la cadena de comida rápida más popular de España?,What is Spain's most popular fast food chain?
Sa-en-13,Food,English (UK),¿Cuál es la comida que más divide (o se ama o se odia) en España?,What is the food that is most divisive (either love or hate) in Spain?
Sa-en-16,Sport,English (UK),¿Cuál es el equipo de fútbol más popular entre la gente de España?,What is the most popular soccer team among the people from Spain?
Sa-en-22,Sport,English (UK),¿Cuál es la universidad más famosa de España conocida por su equipo deportivo?,What is the most famous university in Spain known for its sports team?
Sa-en-31,Family,English (UK),¿Cuál es la mascota familiar más popular de España?,What is Spain's most popular family pet?
Sa-en-32,Family,English (UK),¿Cuál es el programa de televisión familiar más popular en España?,What is the most popular family TV show in Spain?
Sa-en-37,Family,English (UK),¿Cuál es el juego de mesa familiar más popular en España?,What is the most popular family boardgame in Spain?
Sa-en-6,Food,English (UK),¿Cuál es la comida para llevar más popular en España?,What is the most popular takeaway food in Spain?
Sa-en-7,Food,English (UK),¿Cuáles son los aperitivos populares en España?,What are popular snacks in Spain?
Sa-en-9,Food,English (UK),¿Qué comen las personas de España en la playa?,What do people from Spain eat at the beach?
Ta-pe-10,Family,Persian (Iran),"¿A qué edad suelen casarse los hombres en España? (Proporciona la respuesta en números, por ejemplo, 20).","At what age do men usually get married in Spain? (Provide Arabic numerals (e.g., 20) only.)"
Ta-pe-11,Family,Persian (Iran),"¿A qué edad suelen casarse las mujeres en España? (Proporciona la respuesta en números, por ejemplo, 20).","At what age do women usually get married in Spain? (Provide Arabic numerals (e.g., 20) only.)"
Ta-pe-13,Family,Persian (Iran),"En la generación de tus padres, ¿cuál era el número medio de miembros en sus familias en España? (Proporciona la respuesta en números, por ejemplo, 20.)","In your parents' generation, what was the average number of members in their family in Spain? (Provide Arabic numerals (e.g., 20) only.)"
Ta-pe-17,Sport,Persian (Iran),"En los Juegos Olímpicos, ¿cuál es el deporte más popular en España?","In the Olympic Games, which sport is the most popular in Spain?"
Ta-pe-21,Sport,Persian (Iran),¿Dónde suelen jugar al fútbol los niños en España?,Where do children usually play soccer in Spain?
Ta-pe-22,Sport,Persian (Iran),¿Qué ejercicio diario es popular entre las mujeres en España?,Which daily exercise is popular among women in Spain?
Ta-pe-23,Sport,Persian (Iran),¿Qué ejercicio diario es popular entre los hombres en España?,Which daily exercise is popular among men in Spain?
Ta-pe-25,Sport,Persian (Iran),"¿Cuál es la rivalidad más famosa en una liga deportiva nacional en España? (p. ej., ___ contra ___)","What is the most famous rivalry in a national sports league in Spain? (e.g., ___ vs ___)"
Ta-pe-29,Sport,Persian (Iran),¿Cuál es el deporte profesional mejor pagado en España?,Which professional sport is the highest paying in Spain?
Ta-pe-30,Sport,Persian (Iran),¿Cuál es/era el programa de televisión relacionado con el deporte más popular en España?,What is/was the most popular sports-related TV program in Spain?
Ta-pe-32,Holidays/Celebration/Leisure,Persian (Iran),¿Qué día del año se suele dedicar a los fuegos artificiales en España?,What day of the year is usually dedicated to fireworks in Spain?
Ta-pe-37,Holidays/Celebration/Leisure,Persian (Iran),¿Cuál es el símbolo común de Nochevieja que suele encontrarse en España?,What is the common symbol of New Year's Eve that is usually found in Spain?
Ta-pe-42,Holidays/Celebration/Leisure,Persian (Iran),¿Qué comida suelen comer las personas de España en Nochevieja?,What food do people from Spain usually eat on New Year's Eve?
Ta-pe-45,Holidays/Celebration/Leisure,Persian (Iran),¿Qué se suele comer durante la celebración de la noche más larga del año en España?,What is usually eaten during the celebration of the longest night of the year in Spain?
Th-en-01,Sport,English (US),¿Cuál es el deporte de verano más popular en España?,What is the most popular summer sport in Spain?
Th-en-03,Sport,English (US),¿Cuál es la liga profesional de deportes más popular en España?,What is the most popular professional sports league in Spain?
Th-en-05,Sport,English (US),¿Cuál es el equipo de deporte femenino más popular en España?,What is the most popular women's sports team in Spain?
Th-en-09,Sport,English (US),¿Cuál es el torneo más popular en España?,What is the most popular tournament in Spain?
Th-en-11,Sport,English (US),¿Quién es el deportista más popular en España?,Who is the most popular sportperson in Spain?
Th-en-12,Sport,English (US),¿En qué deporte ha tenido España más éxito en competiciones internacionales?,In which sport has Spain been most successful in international competitions?
Th-en-15,Sport,English (US),¿Cuál es el deporte de invierno más popular en España?,What is the most popular winter sport in Spain?
Th-en-19,Work life,English (US),¿Cuál es una ciudad o región en España conocida por la industria manufacturera?,What is a city or region in Spain known for manufacturing industry?
Th-en-21,Work life,English (US),¿Cuál se considera el beneficio más importante que se ofrece típicamente a los empleados en España?,What is regarded as the most important perk typically offered to employees in Spain?
Th-en-22,Work life,English (US),¿Cuál fue el período económico más catastrófico para España?,What was the most catastrophic economic period for Spain?
Th-en-24,Work life,English (US),¿Qué región de España es un importante centro para trabajadores tecnológicos y start-ups?,What region in Spain is a major hub for tech workers and start ups?
Th-en-27,Work life,English (US),¿Cuál es la industria más importante de España?,What is the most important industry in Spain?
Th-en-35,Family,English (US),"¿Cuál de las comidas diarias se comparte habitualmente con los miembros de la familia en España? (p. ej., desayuno, almuerzo, cena)","Which one of the daily meals is commonly shared with family members in Spain? (e.g., breakfast, lunch, dinner)"
Th-en-36,Family,English (US),¿Cuál es una actividad familiar popular para hacer con un niño los fines de semana en España?,What is a popular family activity with a child to do on weekends in Spain?
Th-en-37,Family,English (US),"¿A qué edad suelen los niños independizarse de sus padres en España? (Proporciona la respuesta en números, por ejemplo, 12).","At what age do children typically become independent from their parents in Spain? (Provide Arabic numerals (e.g., 12) only.)"
Th-en-38,Family,English (US),¿Cuál es la festividad familiar más importante en España?,What is the most important family holiday in Spain?
Th-en-39,Family,English (US),¿Cuál es un juego de familia popular en España?,What is a popular family game in Spain?
Th-en-41,Family,English (US),"¿Cuál es la edad media para que las parejas tengan su primer hijo en España? (Proporciona la respuesta en números (por ejemplo, 20).)","What is the average age for couples to have their first child in Spain? (Provide Arabic numerals (e.g., 20) only.)"
Th-en-43,Family,English (US),"¿Cuántos coches posee una familia típica en España? (Proporciona la respuesta en números, por ejemplo, 12.)","How many cars are owned by a typical family in Spain? (Provide Arabic numerals (e.g., 12) only.)"
Th-en-44,Family,English (US),¿Cuál es la comida más popular en España para las comidas familiares de los fines de semana?,What is Spain's most popular food for family meals on weekends?
Th-en-45,Family,English (US),¿Cuál es la actividad familiar de tarde entre semana más popular en España?,What is the most popular weekday evening family activity in Spain?
Th-en-48,Education,English (US),¿Cuál es la nota más alta que se otorga a los estudiantes de secundaria con mejores resultados en trabajos y exámenes en España?,What is the highest grade given to top-achieving high school students on assignments and exams in Spain?
Th-en-49,Education,English (US),¿Cuál se considera el examen más importante para los estudiantes de secundaria en España?,What is considered the most important exam for high school students in Spain?
Th-en-51,Education,English (US),¿Qué asignatura se considera la más importante para los estudiantes en España?,Which subject is considered the most important for students in Spain?
Th-en-53,Education,English (US),¿Cuál es el evento social extracurricular más popular en los colegios de España?,What is the most popular extracurricular social event at schools in Spain?
Th-en-58,Education,English (US),¿Cuál es la tema de matemáticas más avanzado que se aprende antes de la universidad en España?,What is the most advanced math subject learned before university in Spain?
Tmp-ar-01,Education,Arabic (Algeria),¿Dónde suelen ir los estudiantes universitarios en España para estudiar para sus exámenes finales?,Where do university students in Spain usually go to study for their final exams?
Tmp-ar-02,Education,Arabic (Algeria),¿Cuál es un transporte público común que la gente utiliza para ir a la universidad en España?,What is a common public transport that people use to go to university in Spain?
Tmp-ar-04,Education,Arabic (Algeria),¿Qué suelen hacer los estudiantes de primaria en España después del colegio?,What do elementary students in Spain usually do after school?
